user_id,timestamp,success
user1,2025-09-19 15:47:43.563435,False
user2,2025-09-15 11:22:43.563457,False
user2,2025-09-21 21:32:43.563465,True
user2,2025-09-20 07:20:43.563471,False
user2,2025-09-17 14:04:43.563476,True
user1,2025-09-18 16:35:43.563482,False
user3,2025-09-20 14:33:43.563486,False
user1,2025-09-15 17:31:43.563491,False
user2,2025-09-16 20:15:43.563495,False
user2,2025-09-17 12:19:43.563499,False
user3,2025-09-19 21:54:43.563503,True
user2,2025-09-16 23:08:43.563507,True
user4,2025-09-19 05:38:43.563511,False
user3,2025-09-16 18:43:43.563515,False
user3,2025-09-21 08:16:43.563519,True
user1,2025-09-20 20:59:43.563523,False
user1,2025-09-17 07:37:43.563527,True
user2,2025-09-15 10:09:43.563531,True
user3,2025-09-21 15:51:43.563534,True
user4,2025-09-17 01:52:43.563538,False
user3,2025-09-19 22:39:43.563542,True
user3,2025-09-17 18:54:43.563546,False
user1,2025-09-21 11:16:43.563550,True
user1,2025-09-16 22:49:43.563553,False
user2,2025-09-17 12:43:43.563557,False
user3,2025-09-19 10:51:43.563561,True
user2,2025-09-17 08:18:43.563565,True
user4,2025-09-17 14:28:43.563569,True
user3,2025-09-18 15:00:43.563573,True
user3,2025-09-17 00:05:43.563577,True
user4,2025-09-16 08:17:43.563582,False
user1,2025-09-15 05:07:43.563586,False
user3,2025-09-19 15:49:43.563589,True
user1,2025-09-18 01:20:43.563597,False
user1,2025-09-16 14:24:43.563601,True
user1,2025-09-15 16:50:43.563605,True
user3,2025-09-21 10:18:43.563609,False
user4,2025-09-19 10:16:43.563613,True
user1,2025-09-16 04:30:43.563617,False
user3,2025-09-19 13:41:43.563621,False
user3,2025-09-18 15:06:43.563627,True
user2,2025-09-16 03:13:43.563631,True
user1,2025-09-17 11:27:43.563635,False
user2,2025-09-18 23:18:43.563638,False
user1,2025-09-20 05:14:43.563642,True
user1,2025-09-15 18:03:43.563646,False
user4,2025-09-17 08:41:43.563650,True
user4,2025-09-16 18:05:43.563654,True
user3,2025-09-16 21:39:43.563658,False
user3,2025-09-20 05:45:43.563662,True
user4,2025-09-20 08:01:43.563666,False
user3,2025-09-20 20:31:43.563669,False
user3,2025-09-17 12:48:43.563673,False
user3,2025-09-21 08:17:43.563677,False
user1,2025-09-19 16:10:43.563681,True
user2,2025-09-21 06:53:43.563686,True
user2,2025-09-19 14:42:43.563689,True
user3,2025-09-20 23:58:43.563693,True
user1,2025-09-18 02:36:43.563697,False
user2,2025-09-15 23:10:43.563701,False
user4,2025-09-16 13:10:43.563705,True
user4,2025-09-17 08:14:43.563709,False
user4,2025-09-15 12:01:43.563712,True
user1,2025-09-17 04:28:43.563716,True
user3,2025-09-15 12:56:43.563722,False
user4,2025-09-16 02:16:43.563727,True
user4,2025-09-17 11:00:43.563730,True
user2,2025-09-21 10:56:43.563734,False
user2,2025-09-15 23:29:43.563738,False
user2,2025-09-18 16:44:43.563742,False
user2,2025-09-20 16:36:43.563746,False
user2,2025-09-16 08:16:43.563750,False
user2,2025-09-16 01:48:43.563753,True
user3,2025-09-17 11:47:43.563757,False
user1,2025-09-16 14:13:43.563761,True
user3,2025-09-16 10:45:43.563765,False
user1,2025-09-18 04:35:43.563768,True
user3,2025-09-21 19:20:43.563776,True
user3,2025-09-16 04:07:43.563780,True
user4,2025-09-19 03:23:43.563784,False
user3,2025-09-21 10:58:43.563787,True
user1,2025-09-15 18:06:43.563791,True
user4,2025-09-18 03:11:43.563795,True
user1,2025-09-20 03:30:43.563801,False
user2,2025-09-18 08:17:43.563805,True
user3,2025-09-17 21:26:43.563809,False
user3,2025-09-17 03:49:43.563813,False
user4,2025-09-20 09:42:43.563817,False
user4,2025-09-19 19:34:43.563821,False
user2,2025-09-17 06:08:43.563824,True
user1,2025-09-18 01:17:43.563828,False
user3,2025-09-20 19:18:43.563832,True
user3,2025-09-17 20:23:43.563836,False
user4,2025-09-16 03:39:43.563842,False
user1,2025-09-16 10:58:43.563845,False
user1,2025-09-20 09:18:43.563849,False
user3,2025-09-15 11:15:43.563855,False
user4,2025-09-16 01:17:43.563860,True
user4,2025-09-19 11:01:43.563863,True
user1,2025-09-19 13:45:43.563867,True
user4,2025-09-19 19:46:43.563871,True
user4,2025-09-20 14:17:43.563875,True
user1,2025-09-15 09:27:43.563879,True
user2,2025-09-16 04:49:43.563883,False
user1,2025-09-21 10:07:43.563888,True
user2,2025-09-20 05:36:43.563892,True
user2,2025-09-15 00:30:43.563896,True
user1,2025-09-18 10:45:43.563900,True
user3,2025-09-19 20:30:43.563904,False
user1,2025-09-18 17:57:43.563910,False
user2,2025-09-18 03:53:43.563914,False
user4,2025-09-16 22:58:43.563918,True
user3,2025-09-18 16:17:43.563922,False
user2,2025-09-18 05:56:43.563926,False
user1,2025-09-15 09:49:43.563930,False
user2,2025-09-20 13:01:43.563934,False
user1,2025-09-20 20:15:43.563938,False
user4,2025-09-21 16:56:43.563941,False
user4,2025-09-20 22:27:43.563945,False
user3,2025-09-17 13:07:43.563949,False
user1,2025-09-18 19:20:43.563953,False
user4,2025-09-19 06:43:43.563957,True
user2,2025-09-21 00:15:43.563961,True
user1,2025-09-19 11:13:43.563965,True
user4,2025-09-21 21:48:43.563969,False
user4,2025-09-16 09:18:43.563973,False
user3,2025-09-20 16:29:43.563977,True
user4,2025-09-21 07:15:43.563981,True
user1,2025-09-16 20:36:43.563987,True
user2,2025-09-20 08:57:43.563992,True
user3,2025-09-17 19:27:43.563996,True
user2,2025-09-17 11:24:43.564000,False
user4,2025-09-20 14:35:43.564004,False
user1,2025-09-16 08:41:43.564008,False
user2,2025-09-19 20:08:43.564012,False
user2,2025-09-17 22:38:43.564016,False
user4,2025-09-18 06:58:43.564019,True
user4,2025-09-21 06:02:43.564023,False
user2,2025-09-19 08:53:43.564027,False
user3,2025-09-16 23:15:43.564031,False
user3,2025-09-18 02:29:43.564035,False
user1,2025-09-18 03:01:43.564039,True
user2,2025-09-17 21:31:43.564043,True
user4,2025-09-19 05:15:43.564047,True
user1,2025-09-18 22:03:43.564050,True
user3,2025-09-17 22:54:43.564054,True
user1,2025-09-17 20:38:43.564058,False
user4,2025-09-17 22:21:43.564062,False
user4,2025-09-17 14:38:43.564066,False
user4,2025-09-15 10:27:43.564071,False
user4,2025-09-17 00:49:43.564075,False
user2,2025-09-16 11:49:43.564079,True
user2,2025-09-17 02:41:43.564083,False
user4,2025-09-17 11:25:43.564086,False
user3,2025-09-15 09:55:43.564090,False
user1,2025-09-19 21:14:43.564094,True
user1,2025-09-15 06:10:43.564098,False
user4,2025-09-15 21:59:43.564102,False
user3,2025-09-19 13:54:43.564106,False
user4,2025-09-18 20:44:43.564110,True
user3,2025-09-21 11:54:43.564115,False
user2,2025-09-21 20:31:43.564119,False
user4,2025-09-15 09:51:43.564123,True
user2,2025-09-16 11:08:43.564127,False
user4,2025-09-20 22:11:43.564131,True
user2,2025-09-19 17:53:43.564134,False
user3,2025-09-18 23:03:43.564138,True
user3,2025-09-19 16:26:43.564144,True
user2,2025-09-21 14:21:43.564150,True
user4,2025-09-18 18:42:43.564154,False
user3,2025-09-19 08:24:43.564157,True
user2,2025-09-20 12:22:43.564161,True
user1,2025-09-19 00:30:43.564165,False
user1,2025-09-18 14:31:43.564170,True
user4,2025-09-19 12:46:43.564174,True
user2,2025-09-21 00:09:43.564178,False
user3,2025-09-17 19:20:43.564182,True
user4,2025-09-16 18:45:43.564186,True
user4,2025-09-15 04:23:43.564190,True
user4,2025-09-20 10:05:43.564194,True
user3,2025-09-21 16:55:43.564198,False
user2,2025-09-16 17:07:43.564202,False
user3,2025-09-17 00:01:43.564206,True
user2,2025-09-16 13:36:43.564209,True
user1,2025-09-17 15:10:43.564213,False
user2,2025-09-18 15:24:43.564217,True
user2,2025-09-17 09:28:43.564221,False
user4,2025-09-16 13:05:43.564225,True
user4,2025-09-20 09:37:43.564229,True
user1,2025-09-21 20:07:43.564233,True
user2,2025-09-19 21:00:43.564237,False
user3,2025-09-17 23:51:43.564243,True
user2,2025-09-16 18:22:43.564247,True
user4,2025-09-18 07:34:43.564251,True
user2,2025-09-21 03:11:43.564255,False
user3,2025-09-21 01:23:43.564259,False
user1,2025-09-16 07:03:43.564262,False
user2,2025-09-15 07:39:43.564266,True
user1,2025-09-18 20:41:43.564270,True
user3,2025-09-18 04:29:43.564274,True
user4,2025-09-16 20:26:43.564278,False
user3,2025-09-18 07:56:43.564283,True
user3,2025-09-16 03:28:43.564287,False
user3,2025-09-18 01:35:43.564291,True
user4,2025-09-21 02:59:43.564295,False
user4,2025-09-21 14:22:43.564298,True
user4,2025-09-21 05:32:43.564302,False
user4,2025-09-15 19:35:43.564306,True
user1,2025-09-19 06:24:43.564310,True
user2,2025-09-18 08:32:43.564314,False
user3,2025-09-15 07:57:43.564317,True
user1,2025-09-15 20:55:43.564321,True
user4,2025-09-16 06:58:43.564326,False
user1,2025-09-15 17:37:43.564330,True
user2,2025-09-20 14:17:43.564334,False
user3,2025-09-17 11:50:43.564337,True
user3,2025-09-18 08:19:43.564341,False
user2,2025-09-20 22:07:43.564345,False
user3,2025-09-15 00:41:43.564349,False
user1,2025-09-17 13:26:43.564352,True
user4,2025-09-21 21:22:43.564356,True
user3,2025-09-18 08:48:43.564361,False
user4,2025-09-20 06:16:43.564365,True
user1,2025-09-19 01:48:43.564375,False
user3,2025-09-15 00:42:43.564379,True
user3,2025-09-16 15:01:43.564383,False
user4,2025-09-19 07:52:43.564387,False
user4,2025-09-18 21:07:43.564391,False
user4,2025-09-17 22:15:43.564395,False
user2,2025-09-19 00:17:43.564399,False
user4,2025-09-20 08:49:43.564403,False
user4,2025-09-19 17:26:43.564408,True
user2,2025-09-19 01:20:43.564412,False
user4,2025-09-17 02:56:43.564418,True
user3,2025-09-19 00:05:43.564422,True
user1,2025-09-15 14:53:43.564426,True
user4,2025-09-16 16:39:43.564430,False
user3,2025-09-20 01:02:43.564434,False
user2,2025-09-20 23:09:43.564438,True
user2,2025-09-18 12:27:43.564442,False
user2,2025-09-21 03:28:43.564446,True
user1,2025-09-19 19:12:43.564449,False
user1,2025-09-16 14:14:43.564453,True
user3,2025-09-20 17:32:43.564457,False
user4,2025-09-15 00:38:43.564461,True
user4,2025-09-17 12:29:43.564465,False
user2,2025-09-17 10:33:43.564469,True
user4,2025-09-17 10:21:43.564473,False
user1,2025-09-21 11:37:43.564477,True
user2,2025-09-15 10:55:43.564481,True
user1,2025-09-19 13:32:43.564485,True
user3,2025-09-21 09:59:43.564489,False
user4,2025-09-18 04:15:43.564493,False
user2,2025-09-18 10:11:43.564499,False
user3,2025-09-19 23:29:43.564502,True
user4,2025-09-21 06:32:43.564508,False
user2,2025-09-21 05:36:43.564512,True
user2,2025-09-20 07:33:43.564516,True
user2,2025-09-16 15:16:43.564520,False
user1,2025-09-18 05:34:43.564523,False
user1,2025-09-21 11:57:43.564527,False
user4,2025-09-20 01:53:43.564531,False
user1,2025-09-19 16:38:43.564535,True
user2,2025-09-18 01:55:43.564539,False
user1,2025-09-17 12:29:43.564543,False
user1,2025-09-16 09:06:43.564547,False
user3,2025-09-20 07:40:43.564551,False
user1,2025-09-19 08:55:43.564555,False
user4,2025-09-20 14:53:43.564559,True
user3,2025-09-21 09:15:43.564564,True
user4,2025-09-20 12:41:43.564568,True
user3,2025-09-20 00:25:43.564572,False
user1,2025-09-21 13:56:43.564576,False
user4,2025-09-17 22:52:43.564580,True
user4,2025-09-17 01:02:43.564583,False
user2,2025-09-20 13:57:43.564587,False
user3,2025-09-21 16:04:43.564591,True
user2,2025-09-16 07:09:43.564595,True
user4,2025-09-15 15:02:43.564599,False
user4,2025-09-16 17:22:43.564603,False
user1,2025-09-19 16:17:43.564606,True
user1,2025-09-21 12:43:43.564610,True
user1,2025-09-19 01:26:43.564614,True
user4,2025-09-16 14:34:43.564618,True
user1,2025-09-15 22:49:43.564622,True
user4,2025-09-15 15:34:43.564626,False
user1,2025-09-18 03:09:43.564629,True
user1,2025-09-20 16:29:43.564635,False
user3,2025-09-20 14:11:43.564639,True
user4,2025-09-15 03:33:43.564643,True
user3,2025-09-15 17:43:43.564647,False
user1,2025-09-18 03:56:43.564651,True
user1,2025-09-15 14:16:43.564655,False
user3,2025-09-15 06:06:43.564659,True
user3,2025-09-21 18:07:43.564662,True
user2,2025-09-15 07:58:43.564668,False
user3,2025-09-17 01:15:43.564672,True
user1,2025-09-19 19:39:43.564676,False
user1,2025-09-15 05:18:43.564679,False
user2,2025-09-19 03:30:43.564683,True
user1,2025-09-16 04:11:43.564687,True
user1,2025-09-15 07:49:43.564691,False
user3,2025-09-21 08:43:43.564695,False
user4,2025-09-19 06:54:43.564699,False
user1,2025-09-15 00:53:43.564702,True
user3,2025-09-19 21:55:43.564706,True
user1,2025-09-19 05:38:43.564710,False
user3,2025-09-20 22:42:43.564714,True
user1,2025-09-19 01:58:43.564718,False
user3,2025-09-16 11:35:43.564723,False
user4,2025-09-20 21:35:43.564727,True
user4,2025-09-18 11:11:43.564730,True
user1,2025-09-18 10:56:43.564734,False
user1,2025-09-17 17:15:43.564738,False
user2,2025-09-21 17:57:43.564742,True
user3,2025-09-15 17:07:43.564746,False
user1,2025-09-18 16:16:43.564750,True
user1,2025-09-16 17:35:43.564753,False
user4,2025-09-15 23:25:43.564759,False
user3,2025-09-18 21:56:43.564763,False
user2,2025-09-20 03:34:43.564767,False
user2,2025-09-18 16:34:43.564771,True
user3,2025-09-15 22:08:43.564775,False
user3,2025-09-18 10:46:43.564778,False
user1,2025-09-18 23:11:43.564782,False
user4,2025-09-21 05:57:43.564786,False
user4,2025-09-15 05:06:43.564790,False
user1,2025-09-21 01:49:43.564794,False
user2,2025-09-16 16:40:43.564798,False
user3,2025-09-20 05:48:43.564802,True
user4,2025-09-17 21:58:43.564806,False
user1,2025-09-16 16:38:43.564810,False
user3,2025-09-16 18:35:43.564814,False
user1,2025-09-15 23:18:43.564818,True
user3,2025-09-20 19:49:43.564822,True
user3,2025-09-15 13:26:43.564826,True
user4,2025-09-16 01:20:43.564830,False
user1,2025-09-17 23:14:43.564834,True
user1,2025-09-18 02:57:43.564838,True
user1,2025-09-21 12:29:43.564844,False
user3,2025-09-21 19:45:43.564848,True
user3,2025-09-16 08:41:43.564852,False
user2,2025-09-21 20:12:43.564856,True
user2,2025-09-17 22:32:43.564860,True
user2,2025-09-17 23:09:43.564863,False
user3,2025-09-17 23:00:43.564868,False
user2,2025-09-17 23:39:43.564871,False
user1,2025-09-17 07:13:43.564875,False
user2,2025-09-15 06:32:43.564879,False
user1,2025-09-15 08:24:43.564883,False
user2,2025-09-20 04:54:43.564888,False
user3,2025-09-18 21:57:43.564892,True
user4,2025-09-15 03:12:43.564896,True
user2,2025-09-18 21:31:43.564901,True
user4,2025-09-20 13:20:43.564905,True
user2,2025-09-15 18:25:43.564909,False
user2,2025-09-19 06:37:43.564913,False
user4,2025-09-17 11:33:43.564916,True
user1,2025-09-21 14:57:43.564920,False
user3,2025-09-20 20:18:43.564926,True
user2,2025-09-21 00:00:43.564930,False
user4,2025-09-17 18:57:43.564934,False
user2,2025-09-20 08:52:43.564938,True
user3,2025-09-16 07:19:43.564941,False
user1,2025-09-15 16:59:43.564945,True
user4,2025-09-15 11:10:43.564949,False
user2,2025-09-20 14:46:43.564953,False
user1,2025-09-15 18:55:43.564957,True
user1,2025-09-20 14:32:43.564960,True
user2,2025-09-16 15:14:43.564964,False
user2,2025-09-17 16:45:43.564968,False
user1,2025-09-18 17:16:43.564972,True
user4,2025-09-17 09:24:43.564976,True
user3,2025-09-21 16:18:43.564980,False
user4,2025-09-21 15:25:43.564983,True
user4,2025-09-19 22:55:43.564987,True
user3,2025-09-20 19:11:43.564991,True
user4,2025-09-18 20:10:43.564995,True
user3,2025-09-18 04:52:43.564999,True
user3,2025-09-21 03:27:43.565003,True
user4,2025-09-19 05:24:43.565006,True
user1,2025-09-20 00:48:43.565010,False
user4,2025-09-18 20:56:43.565016,True
user1,2025-09-18 13:12:43.565020,False
user1,2025-09-17 15:20:43.565024,True
user1,2025-09-17 06:03:43.565028,True
user3,2025-09-18 16:32:43.565032,False
user3,2025-09-16 10:16:43.565035,False
user3,2025-09-18 06:46:43.565039,True
user2,2025-09-17 10:19:43.565043,False
user1,2025-09-20 02:34:43.565047,True
user3,2025-09-16 22:22:43.565051,True
user4,2025-09-21 13:54:43.565055,True
user3,2025-09-19 07:24:43.565059,True
user2,2025-09-19 01:27:43.565063,True
user2,2025-09-18 01:39:43.565066,True
user4,2025-09-17 10:03:43.565070,True
user1,2025-09-19 07:27:43.565074,False
user1,2025-09-17 23:58:43.565078,True
user4,2025-09-18 19:10:43.565082,False
user2,2025-09-21 10:43:43.565085,True
user3,2025-09-20 20:33:43.565090,False
user2,2025-09-16 13:05:43.565094,False
user1,2025-09-16 09:11:43.565098,True
user1,2025-09-17 15:07:43.565102,False
user4,2025-09-15 22:37:43.565106,False
user3,2025-09-21 08:34:43.565110,False
user2,2025-09-16 09:56:43.565114,False
user3,2025-09-17 03:05:43.565118,False
user3,2025-09-19 23:29:43.565121,True
user1,2025-09-21 20:50:43.565125,True
user3,2025-09-18 07:14:43.565129,True
user2,2025-09-17 19:56:43.565133,False
user2,2025-09-19 19:38:43.565137,False
user2,2025-09-16 10:37:43.565142,False
user2,2025-09-20 18:35:43.565146,False
user2,2025-09-16 06:49:43.565150,True
user4,2025-09-16 04:56:43.565154,False
user3,2025-09-15 18:07:43.565158,False
user1,2025-09-16 14:03:43.565162,False
user1,2025-09-15 15:01:43.565166,False
user1,2025-09-19 09:52:43.565170,True
user4,2025-09-20 21:41:43.565175,True
user4,2025-09-15 17:54:43.565181,False
user4,2025-09-19 16:31:43.565184,False
user2,2025-09-21 10:22:43.565188,True
user1,2025-09-16 09:01:43.565192,True
user4,2025-09-19 05:36:43.565196,True
user1,2025-09-19 02:00:43.565199,False
user4,2025-09-20 03:41:43.565203,True
user3,2025-09-20 04:28:43.565207,True
user2,2025-09-17 18:17:43.565211,True
user1,2025-09-19 11:53:43.565214,False
user3,2025-09-16 10:57:43.565218,False
user4,2025-09-20 05:52:43.565222,True
user3,2025-09-15 17:55:43.565226,True
user3,2025-09-16 09:28:43.565230,True
user4,2025-09-21 17:35:43.565234,True
user3,2025-09-15 16:05:43.565237,False
user2,2025-09-17 15:44:43.565241,True
user3,2025-09-21 15:11:43.565245,True
user1,2025-09-17 01:23:43.565249,True
user2,2025-09-16 00:27:43.565253,False
user1,2025-09-15 09:31:43.565256,True
user1,2025-09-15 20:02:43.565260,False
user3,2025-09-17 12:58:43.565266,False
user4,2025-09-16 22:45:43.565270,False
user1,2025-09-19 06:25:43.565274,True
user1,2025-09-19 11:26:43.565278,True
user3,2025-09-19 01:02:43.565283,True
user3,2025-09-16 03:40:43.565286,False
user4,2025-09-21 13:44:43.565290,True
user1,2025-09-17 17:30:43.565294,False
user1,2025-09-17 06:55:43.565298,True
user4,2025-09-18 17:39:43.565302,True
user1,2025-09-17 20:49:43.565305,True
user1,2025-09-18 20:06:43.565309,True
user1,2025-09-20 11:00:43.565315,True
user1,2025-09-18 07:08:43.565319,True
user1,2025-09-18 17:01:43.565323,False
user3,2025-09-21 12:07:43.565326,False
user2,2025-09-17 21:18:43.565330,True
user3,2025-09-15 17:25:43.565334,False
user4,2025-09-15 18:39:43.565338,True
user2,2025-09-19 12:32:43.565342,False
user4,2025-09-18 04:21:43.565346,False
user3,2025-09-19 03:49:43.565349,True
user1,2025-09-20 12:43:43.565353,False
user3,2025-09-16 21:36:43.565357,False
user2,2025-09-17 19:12:43.565361,True
user1,2025-09-15 08:57:43.565365,True
user3,2025-09-18 02:04:43.565372,True
user1,2025-09-19 13:55:43.565376,False
user1,2025-09-21 17:21:43.565379,True
user2,2025-09-16 22:20:43.565383,True
user2,2025-09-21 19:54:43.565387,False
user2,2025-09-18 01:12:43.565391,True
user4,2025-09-16 15:53:43.565397,False
user2,2025-09-21 22:33:43.565401,False
user3,2025-09-20 05:35:43.565405,True
user1,2025-09-17 23:58:43.565409,False
user2,2025-09-16 01:19:43.565413,False
user3,2025-09-20 16:23:43.565417,True
user3,2025-09-21 13:33:43.565421,True
user2,2025-09-21 12:24:43.565424,False
user4,2025-09-19 18:41:43.565428,False
user1,2025-09-21 06:02:43.565434,False
user3,2025-09-15 22:21:43.565438,False
user4,2025-09-21 01:41:43.565442,True
user4,2025-09-16 19:47:43.565446,False
user1,2025-09-19 08:48:43.565450,True
user4,2025-09-15 19:49:43.565454,True
user4,2025-09-19 16:57:43.565458,False
user4,2025-09-21 01:49:43.565462,False
user4,2025-09-19 17:38:43.565720,True
user2,2025-09-16 18:35:43.565726,False
user3,2025-09-21 17:12:43.565730,False
user1,2025-09-15 20:12:43.565734,True
user1,2025-09-19 17:53:43.565738,False
user3,2025-09-15 11:16:43.565742,True
user1,2025-09-17 06:21:43.565746,True
user1,2025-09-16 20:48:43.565750,False
user4,2025-09-15 13:45:43.565755,False
user1,2025-09-20 21:57:43.565759,True
user4,2025-09-18 16:37:43.565762,True
user4,2025-09-17 02:53:43.565766,True
user2,2025-09-15 04:59:43.565770,True
user2,2025-09-18 03:10:43.565774,True
user2,2025-09-15 16:37:43.565780,True
user3,2025-09-18 08:05:43.565785,True
user4,2025-09-19 02:06:43.565789,True
user1,2025-09-16 04:44:43.565793,False
user3,2025-09-21 04:24:43.565797,False
user3,2025-09-20 00:16:43.565801,False
user2,2025-09-15 12:37:43.565804,True
user4,2025-09-15 12:15:43.565808,False
user1,2025-09-18 11:36:43.565812,False
user1,2025-09-18 21:44:43.565816,False
user4,2025-09-15 20:18:43.565820,False
user2,2025-09-20 11:35:43.565824,False
user4,2025-09-17 00:21:43.565827,False
user3,2025-09-18 22:59:43.565833,True
user3,2025-09-18 17:57:43.565837,False
user4,2025-09-18 07:33:43.565841,False
user3,2025-09-19 09:22:43.565844,True
user3,2025-09-16 09:03:43.565848,False
user2,2025-09-20 04:12:43.565852,True
user1,2025-09-18 03:57:43.565856,False
user4,2025-09-17 06:42:43.565860,False
user2,2025-09-20 07:54:43.565864,True
user2,2025-09-20 21:01:43.565867,True
user3,2025-09-20 03:39:43.565871,True
user2,2025-09-20 14:49:43.565875,True
user2,2025-09-17 01:46:43.565879,False
user1,2025-09-20 14:48:43.565883,True
user1,2025-09-15 13:30:43.565886,True
user1,2025-09-16 02:06:43.565890,True
user4,2025-09-20 22:51:43.565894,True
user4,2025-09-19 18:26:43.565898,True
user4,2025-09-17 18:19:43.565902,True
user3,2025-09-16 13:07:43.565906,True
user1,2025-09-17 06:48:43.565912,False
user3,2025-09-17 08:30:43.565916,True
user4,2025-09-18 00:59:43.565920,True
user3,2025-09-15 07:31:43.565923,True
user3,2025-09-18 10:23:43.565927,False
user2,2025-09-18 19:14:43.565931,True
user4,2025-09-20 19:01:43.565935,True
user4,2025-09-21 00:18:43.565938,True
user3,2025-09-18 13:34:43.565942,True
user3,2025-09-21 04:11:43.565948,True
user3,2025-09-15 13:32:43.565951,True
user2,2025-09-21 09:46:43.565955,True
user2,2025-09-18 14:34:43.565960,False
user2,2025-09-19 07:40:43.565963,False
user4,2025-09-16 11:07:43.565967,True
user4,2025-09-17 04:08:43.565971,True
user4,2025-09-21 04:41:43.565975,True
user3,2025-09-17 15:17:43.565978,True
user4,2025-09-15 23:47:43.565982,True
user2,2025-09-18 13:59:43.565986,True
user1,2025-09-21 21:46:43.565990,True
user1,2025-09-19 00:21:43.565994,False
user1,2025-09-15 09:06:43.565998,True
user2,2025-09-21 01:24:43.566003,True
user2,2025-09-21 20:27:43.566007,True
user2,2025-09-20 01:32:43.566011,False
user1,2025-09-16 20:19:43.566014,True
user4,2025-09-15 02:30:43.566018,False
user4,2025-09-21 20:29:43.566022,False
user2,2025-09-18 21:19:43.566026,False
user4,2025-09-17 12:51:43.566030,False
user1,2025-09-16 16:21:43.566036,True
user2,2025-09-17 05:52:43.566040,False
user3,2025-09-18 02:22:43.566044,False
user3,2025-09-21 01:46:43.566047,False
user1,2025-09-15 05:58:43.566051,True
user4,2025-09-18 20:31:43.566055,False
user3,2025-09-16 23:19:43.566059,True
user1,2025-09-17 02:43:43.566063,False
user2,2025-09-17 03:24:43.566067,True
user4,2025-09-20 20:18:43.566071,True
user1,2025-09-17 14:55:43.566075,False
user4,2025-09-20 23:11:43.566079,False
user2,2025-09-18 19:45:43.566083,True
user3,2025-09-15 00:31:43.566087,False
user2,2025-09-17 16:27:43.566091,False
user3,2025-09-18 06:19:43.566095,False
user3,2025-09-15 19:07:43.566098,True
user1,2025-09-17 06:47:43.566102,True
user1,2025-09-16 05:02:43.566106,True
user4,2025-09-16 01:19:43.566110,False
user2,2025-09-15 16:34:43.566114,False
user3,2025-09-20 22:20:43.566121,False
user1,2025-09-21 10:15:43.566125,True
user1,2025-09-16 09:58:43.566129,False
user2,2025-09-16 09:45:43.566132,False
user1,2025-09-20 22:49:43.566136,False
user1,2025-09-16 14:47:43.566140,True
user4,2025-09-20 10:56:43.566144,True
user4,2025-09-21 07:59:43.566148,False
user3,2025-09-16 01:27:43.566152,False
user3,2025-09-15 19:49:43.566155,True
user3,2025-09-15 03:55:43.566159,True
user4,2025-09-16 22:34:43.566165,True
user2,2025-09-19 01:01:43.566169,False
user4,2025-09-18 16:37:43.566172,True
user4,2025-09-21 02:58:43.566176,False
user2,2025-09-19 09:47:43.566180,False
user4,2025-09-21 16:31:43.566184,True
user3,2025-09-18 02:05:43.566188,False
user3,2025-09-18 07:23:43.566191,False
user3,2025-09-17 20:42:43.566195,True
user1,2025-09-20 06:34:43.566199,False
user2,2025-09-16 15:22:43.566205,False
user3,2025-09-18 11:06:43.566209,False
user2,2025-09-15 17:21:43.566213,False
user4,2025-09-17 22:05:43.566217,True
user1,2025-09-17 23:10:43.566221,True
user1,2025-09-15 15:41:43.566224,True
user3,2025-09-18 10:39:43.566229,False
user4,2025-09-20 04:19:43.566232,False
user2,2025-09-15 01:44:43.566236,False
user3,2025-09-17 12:18:43.566240,True
user3,2025-09-15 07:54:43.566244,True
user1,2025-09-19 21:55:43.566248,False
user1,2025-09-20 20:08:43.566251,True
user2,2025-09-20 04:52:43.566255,False
user2,2025-09-19 18:05:43.566259,True
user3,2025-09-18 22:29:43.566263,False
user3,2025-09-20 23:36:43.566267,False
user3,2025-09-20 19:17:43.566271,False
user3,2025-09-18 16:28:43.566275,True
user2,2025-09-17 02:39:43.566278,True
user3,2025-09-21 15:08:43.566282,True
user4,2025-09-20 09:39:43.566286,False
user3,2025-09-15 17:04:43.566292,True
user4,2025-09-17 10:21:43.566296,True
user2,2025-09-21 11:04:43.566300,False
user2,2025-09-15 18:23:43.566303,False
user2,2025-09-21 02:57:43.566307,True
user3,2025-09-17 01:22:43.566311,True
user3,2025-09-16 15:41:43.566315,True
user1,2025-09-20 03:40:43.566319,True
user2,2025-09-16 17:22:43.566322,True
user1,2025-09-21 09:20:43.566326,False
user3,2025-09-16 21:21:43.566330,True
user1,2025-09-20 17:49:43.566334,True
user2,2025-09-18 19:43:43.566338,True
user3,2025-09-19 08:33:43.566341,True
user4,2025-09-17 23:11:43.566345,False
user1,2025-09-18 23:11:43.566349,False
user1,2025-09-21 06:05:43.566353,True
user4,2025-09-19 05:11:43.566357,True
user3,2025-09-17 10:11:43.566361,True
user3,2025-09-21 15:39:43.566365,False
user1,2025-09-20 23:30:43.566396,False
user3,2025-09-18 20:59:43.566401,False
user3,2025-09-21 03:47:43.566410,True
user3,2025-09-18 20:23:43.566417,True
user1,2025-09-19 06:38:43.566425,False
user3,2025-09-16 08:25:43.566434,False
user2,2025-09-17 04:45:43.566442,False
user4,2025-09-17 22:25:43.566451,True
user1,2025-09-18 06:07:43.566457,True
user3,2025-09-15 23:19:43.566462,True
user4,2025-09-17 22:58:43.566467,True
user4,2025-09-16 18:12:43.566472,False
user2,2025-09-20 11:50:43.566482,True
user4,2025-09-16 10:21:43.566488,True
user1,2025-09-19 14:51:43.566493,True
user2,2025-09-15 05:36:43.566499,True
user2,2025-09-21 14:11:43.566505,True
user2,2025-09-18 12:21:43.566512,False
user2,2025-09-20 22:30:43.566517,False
user1,2025-09-15 08:45:43.566522,False
user1,2025-09-16 21:55:43.566532,False
user1,2025-09-16 11:24:43.566546,False
user1,2025-09-20 12:18:43.566552,False
user2,2025-09-20 06:11:43.566561,False
user4,2025-09-17 09:11:43.566568,False
user3,2025-09-17 22:07:43.566573,False
user1,2025-09-17 07:53:43.566577,True
user2,2025-09-17 15:52:43.566581,False
user1,2025-09-19 13:32:43.566585,True
user3,2025-09-15 21:10:43.566589,False
user3,2025-09-16 06:49:43.566592,False
user3,2025-09-16 01:36:43.566596,False
user1,2025-09-15 08:10:43.566600,False
user2,2025-09-19 16:01:43.566604,False
user1,2025-09-15 09:42:43.566607,True
user1,2025-09-20 09:25:43.566611,False
user1,2025-09-19 23:49:43.566615,True
user2,2025-09-15 12:58:43.566619,True
user3,2025-09-19 01:46:43.566622,True
user4,2025-09-17 13:23:43.566626,True
user3,2025-09-15 04:35:43.566630,True
user4,2025-09-19 16:04:43.566633,True
user1,2025-09-18 11:47:43.566637,False
user4,2025-09-15 12:44:43.566643,True
user1,2025-09-19 22:39:43.566647,False
user2,2025-09-20 18:08:43.566650,True
user1,2025-09-17 13:25:43.566654,False
user2,2025-09-16 00:52:43.566658,False
user4,2025-09-16 23:23:43.566662,False
user1,2025-09-21 19:20:43.566665,False
user4,2025-09-21 02:30:43.566669,False
user2,2025-09-17 16:27:43.566673,False
user1,2025-09-15 10:25:43.566677,False
user1,2025-09-18 08:50:43.566680,True
user2,2025-09-18 09:49:43.566684,False
user1,2025-09-18 10:23:43.566688,True
user2,2025-09-19 04:21:43.566692,False
user1,2025-09-17 16:09:43.566695,True
user2,2025-09-18 00:54:43.566699,False
user2,2025-09-18 04:05:43.566703,True
user3,2025-09-20 17:44:43.566706,True
user4,2025-09-21 06:54:43.566710,True
user4,2025-09-19 11:00:43.566714,False
user4,2025-09-19 02:30:43.566718,False
user2,2025-09-19 11:13:43.566721,True
user1,2025-09-18 13:09:43.566725,False
user2,2025-09-16 20:32:43.566729,True
user2,2025-09-20 03:49:43.566733,True
user4,2025-09-18 05:46:43.566737,True
user4,2025-09-20 14:00:43.566740,True
user1,2025-09-17 15:26:43.566744,False
user2,2025-09-17 05:59:43.566748,False
user4,2025-09-19 19:19:43.566752,False
user2,2025-09-21 10:45:43.566756,True
user1,2025-09-20 17:06:43.566760,False
user1,2025-09-21 13:12:43.566766,False
user2,2025-09-17 09:42:43.566769,False
user3,2025-09-15 18:21:43.566773,True
user2,2025-09-20 20:27:43.566777,True
user3,2025-09-16 23:48:43.566781,False
user2,2025-09-20 15:40:43.566784,True
user3,2025-09-17 13:07:43.566788,False
user3,2025-09-17 01:48:43.566792,False
user4,2025-09-21 05:53:43.566795,False
user3,2025-09-17 03:52:43.566799,False
user4,2025-09-16 23:33:43.566805,True
user2,2025-09-21 22:17:43.566808,False
user4,2025-09-20 02:04:43.566812,True
user4,2025-09-15 21:53:43.566816,False
user3,2025-09-18 01:25:43.566820,True
user4,2025-09-20 22:54:43.566824,False
user4,2025-09-17 22:58:43.566828,True
user4,2025-09-15 01:25:43.566831,True
user3,2025-09-19 19:09:43.566835,True
user4,2025-09-15 09:14:43.566839,False
user2,2025-09-18 08:48:43.566843,True
user2,2025-09-19 23:04:43.566846,False
user4,2025-09-16 14:18:43.566850,True
user4,2025-09-16 17:02:43.566854,True
user3,2025-09-16 20:09:43.566858,False
user4,2025-09-18 06:09:43.566861,False
user1,2025-09-15 02:50:43.566865,True
user1,2025-09-15 10:39:43.566869,False
user4,2025-09-16 09:16:43.566872,True
user1,2025-09-16 09:47:43.566876,False
user1,2025-09-15 18:24:43.566883,False
user4,2025-09-19 09:31:43.566887,True
user3,2025-09-18 09:26:43.566894,True
user2,2025-09-19 14:20:43.566898,False
user2,2025-09-21 14:55:43.566902,False
user3,2025-09-19 18:37:43.566906,False
user4,2025-09-15 22:29:43.566910,True
user2,2025-09-21 10:28:43.566913,True
user2,2025-09-17 15:25:43.566917,False
user2,2025-09-15 17:29:43.566921,False
user1,2025-09-20 01:31:43.566925,False
user4,2025-09-15 06:19:43.566928,False
user3,2025-09-19 04:22:43.566932,False
user4,2025-09-19 11:01:43.566936,True
user4,2025-09-18 08:25:43.566939,False
user4,2025-09-15 17:33:43.566943,False
user2,2025-09-21 10:39:43.566947,True
user4,2025-09-17 02:44:43.566951,True
user1,2025-09-20 13:51:43.566954,True
user3,2025-09-15 22:01:43.566958,False
user1,2025-09-15 16:13:43.566962,True
user1,2025-09-15 00:46:43.566965,True
user1,2025-09-16 14:20:43.566969,False
user1,2025-09-15 00:20:43.566973,False
user3,2025-09-16 10:23:43.566977,False
user1,2025-09-21 13:19:43.566980,True
user1,2025-09-21 02:54:43.566984,True
user4,2025-09-15 07:38:43.566988,True
user1,2025-09-19 07:16:43.566992,True
user2,2025-09-18 11:50:43.566996,True
user3,2025-09-19 18:04:43.567001,True
user2,2025-09-19 02:53:43.567005,False
user1,2025-09-18 20:06:43.567009,False
user3,2025-09-17 17:03:43.567013,True
user2,2025-09-15 03:06:43.567019,True
user4,2025-09-16 10:38:43.567022,False
user4,2025-09-17 23:27:43.567026,True
user2,2025-09-20 18:51:43.567030,True
user1,2025-09-15 12:43:43.567034,True
user1,2025-09-21 03:05:43.567037,False
user3,2025-09-16 16:44:43.567041,True
user1,2025-09-21 16:10:43.567045,False
user3,2025-09-16 03:06:43.567048,False
user2,2025-09-16 03:52:43.567052,True
user1,2025-09-15 08:52:43.567058,False
user2,2025-09-20 13:41:43.567062,True
user1,2025-09-18 03:28:43.567066,True
user3,2025-09-18 09:43:43.567069,False
user1,2025-09-17 16:48:43.567073,True
user3,2025-09-18 00:39:43.567077,True
user2,2025-09-19 12:15:43.567081,True
user3,2025-09-18 20:53:43.567085,False
user1,2025-09-19 14:12:43.567089,True
user2,2025-09-19 19:26:43.567093,True
user3,2025-09-18 17:48:43.567096,False
user2,2025-09-15 21:38:43.567100,False
user2,2025-09-21 01:38:43.567104,True
user3,2025-09-16 07:56:43.567107,True
user2,2025-09-20 07:22:43.567111,True
user2,2025-09-16 23:12:43.567115,True
user4,2025-09-15 19:56:43.567119,False
user3,2025-09-20 07:30:43.567123,True
user3,2025-09-18 02:22:43.567127,True
user1,2025-09-16 09:32:43.567130,False
user3,2025-09-16 03:06:43.567134,False
user4,2025-09-15 13:25:43.567140,True
user3,2025-09-15 17:51:43.567144,False
user1,2025-09-19 11:00:43.567148,False
user1,2025-09-17 11:01:43.567152,False
user3,2025-09-21 09:04:43.567156,True
user1,2025-09-15 12:50:43.567159,False
user1,2025-09-16 00:16:43.567163,True
user4,2025-09-20 18:41:43.567167,False
user3,2025-09-21 16:24:43.567171,True
user2,2025-09-17 19:26:43.567175,True
user1,2025-09-16 00:47:43.567179,True
user4,2025-09-21 15:43:43.567183,True
user3,2025-09-19 23:15:43.567186,True
user4,2025-09-18 10:48:43.567190,False
user2,2025-09-20 12:55:43.567194,False
user3,2025-09-18 01:48:43.567197,False
user2,2025-09-19 11:19:43.567201,False
user1,2025-09-15 20:53:43.567205,True
user3,2025-09-19 15:09:43.567208,True
user1,2025-09-17 01:08:43.567212,True
user3,2025-09-20 23:30:43.567216,True
user4,2025-09-20 09:42:43.567220,True
user3,2025-09-21 18:54:43.567226,True
user1,2025-09-16 11:19:43.567230,False
user3,2025-09-18 15:01:43.567233,False
user2,2025-09-17 23:00:43.567237,False
user4,2025-09-15 19:04:43.567241,False
user1,2025-09-20 18:41:43.567244,False
user2,2025-09-19 15:22:43.567249,True
user2,2025-09-15 02:16:43.567252,True
user1,2025-09-18 21:43:43.567256,True
user1,2025-09-16 03:33:43.567260,False
user2,2025-09-20 04:21:43.567265,False
user3,2025-09-19 01:27:43.567269,True
user3,2025-09-16 19:25:43.567273,True
user3,2025-09-18 21:53:43.567278,False
user3,2025-09-17 10:26:43.567282,False
user3,2025-09-16 08:54:43.567286,True
user2,2025-09-20 14:25:43.567289,True
user4,2025-09-17 18:49:43.567293,True
user2,2025-09-18 03:14:43.567297,True
user3,2025-09-15 09:42:43.567300,True
user1,2025-09-15 22:46:43.567304,False
user2,2025-09-20 11:43:43.567310,False
user1,2025-09-21 03:37:43.567314,False
user4,2025-09-16 08:13:43.567318,False
user1,2025-09-15 10:06:43.567322,False
user2,2025-09-20 00:01:43.567326,False
user2,2025-09-20 22:33:43.567329,True
user4,2025-09-21 16:01:43.567333,True
user3,2025-09-15 11:38:43.567336,True
user1,2025-09-18 04:23:43.567340,True
user1,2025-09-19 00:41:43.567344,True
user3,2025-09-19 04:20:43.567348,True
user2,2025-09-15 02:49:43.567351,False
user1,2025-09-16 09:46:43.567355,False
user4,2025-09-20 08:15:43.567359,False
user1,2025-09-21 18:41:43.567363,False
user4,2025-09-19 15:09:43.567371,True
user4,2025-09-17 12:20:43.567375,False
user1,2025-09-16 23:45:43.567379,False
user1,2025-09-17 14:12:43.567383,True
user2,2025-09-21 22:45:43.567387,True
user3,2025-09-15 21:02:43.567391,False
user1,2025-09-21 14:39:43.567396,False
user1,2025-09-17 20:43:43.567401,False
user1,2025-09-18 19:57:43.567405,True
user2,2025-09-19 06:49:43.567409,True
user3,2025-09-15 16:24:43.567413,False
user2,2025-09-18 04:42:43.567416,True
user3,2025-09-16 23:36:43.567420,False
user2,2025-09-17 12:04:43.567424,False
user1,2025-09-17 04:59:43.567427,False
user1,2025-09-21 13:20:43.567431,True
user2,2025-09-15 10:24:43.567435,True
user1,2025-09-17 18:40:43.567439,False
user4,2025-09-18 03:32:43.567443,True
user3,2025-09-16 21:59:43.567447,True
user2,2025-09-20 20:19:43.567450,True
user3,2025-09-16 02:19:43.567454,True
user1,2025-09-21 06:19:43.567457,False
user4,2025-09-17 15:09:43.567461,True
user3,2025-09-15 22:47:43.567465,True
user2,2025-09-19 14:14:43.567469,False
user2,2025-09-15 16:11:43.567473,True
user1,2025-09-18 16:43:43.567476,True
user2,2025-09-15 21:35:43.567480,False
user2,2025-09-18 12:19:43.567484,False
user2,2025-09-19 22:15:43.567488,True
user3,2025-09-18 08:00:43.567492,False
user3,2025-09-17 14:16:43.567496,True
user4,2025-09-18 12:20:43.567500,False
user3,2025-09-17 20:52:43.567503,True
user4,2025-09-16 10:02:43.567507,True
user3,2025-09-19 00:52:43.567511,True
user1,2025-09-21 13:09:43.567515,False
user2,2025-09-18 15:13:43.567521,True
user1,2025-09-21 13:52:43.567524,False
user2,2025-09-17 04:33:43.567528,True
user3,2025-09-17 10:41:43.567532,False
user4,2025-09-21 13:11:43.567535,True
user1,2025-09-17 21:31:43.567539,True
user2,2025-09-21 20:23:43.567543,False
user1,2025-09-20 14:52:43.567547,True
user2,2025-09-18 16:32:43.567550,True
user3,2025-09-16 08:24:43.567554,False
user1,2025-09-20 09:11:43.567560,False
user4,2025-09-18 10:52:43.567565,False
user1,2025-09-16 15:53:43.567569,True
user3,2025-09-16 16:27:43.567573,False
user3,2025-09-17 00:38:43.567576,True
user2,2025-09-18 04:27:43.567580,False
user3,2025-09-19 01:07:43.567584,False
user3,2025-09-16 07:43:43.567588,False
user2,2025-09-15 04:59:43.567592,True
user4,2025-09-19 06:22:43.567596,True
user1,2025-09-20 22:51:43.567599,False
user1,2025-09-19 19:28:43.567603,False
user2,2025-09-17 02:10:43.567607,True
user2,2025-09-20 21:30:43.567610,True
user1,2025-09-16 10:55:43.567614,False
user1,2025-09-18 20:53:43.567618,False
user2,2025-09-15 08:46:43.567622,True
user4,2025-09-21 21:25:43.567626,True
user1,2025-09-21 08:51:43.567629,False
user3,2025-09-19 21:00:43.567633,True
user3,2025-09-15 07:51:43.567637,True
user3,2025-09-21 21:50:43.567642,True
user3,2025-09-19 08:41:43.567646,True
user3,2025-09-20 19:45:43.567650,False
user1,2025-09-15 05:43:43.567653,True
user2,2025-09-16 23:36:43.567657,False
user1,2025-09-16 20:13:43.567661,True
user2,2025-09-16 02:24:43.567665,True
user2,2025-09-19 14:45:43.567669,True
user3,2025-09-18 11:13:43.567673,True
user3,2025-09-18 04:03:43.567676,False
user1,2025-09-17 07:21:43.567680,True
user1,2025-09-16 05:23:43.567683,False
user4,2025-09-20 02:31:43.567687,False
user1,2025-09-18 09:17:43.567691,True
user1,2025-09-21 01:05:43.567694,True
user1,2025-09-15 04:57:43.567698,True
user3,2025-09-20 20:36:43.567702,False
user4,2025-09-20 18:55:43.567706,False
user2,2025-09-19 13:59:43.567709,True
user2,2025-09-16 11:08:43.567713,True
user1,2025-09-20 16:36:43.567722,False
user4,2025-09-20 07:00:43.567726,True
user4,2025-09-17 15:01:43.567729,False
user1,2025-09-16 19:41:43.567733,False
user1,2025-09-20 00:40:43.567737,False
user2,2025-09-17 23:29:43.567741,False
user1,2025-09-18 05:24:43.567745,True
user1,2025-09-20 12:01:43.567749,False
user4,2025-09-19 04:16:43.567752,False
user2,2025-09-20 16:14:43.567756,True
user2,2025-09-20 05:24:43.567760,True
user4,2025-09-18 23:06:43.567763,True
user3,2025-09-15 10:51:43.567769,True
user2,2025-09-21 16:45:43.567773,False
user3,2025-09-19 20:57:43.567777,False
user2,2025-09-19 20:59:43.567781,False
user3,2025-09-17 21:50:43.567784,True
user2,2025-09-21 00:40:43.567788,False
user3,2025-09-17 06:49:43.567792,False
user3,2025-09-15 21:29:43.567796,True
user2,2025-09-20 02:05:43.567800,True
user2,2025-09-18 09:12:43.567803,False
user4,2025-09-15 00:50:43.567807,False
user4,2025-09-19 14:54:43.567813,True
user3,2025-09-18 17:58:43.567816,False
user3,2025-09-20 14:24:43.567820,False
user2,2025-09-20 22:09:43.567824,True
